"","logFC","AveExpr","t","P.Value","adj.P.Val","B","threshold"
"CEMIP",3.40535047073696,6.20125365368596,32.3934014557518,2.76593502797249e-42,2.53636242065078e-38,85.8108209769356,"Upregulated"
"AXIN2",2.13066535442222,7.04738862556917,28.4329255409129,8.66870737795398e-39,5.29946977705587e-35,77.9784677470922,"Upregulated"
"GTF2IRD1",1.6665768045777,7.81404411441235,28.2480064624813,1.29191924650879e-38,5.92344974524278e-35,77.5883975244945,"Upregulated"
"CD44",1.54585187637093,7.35804173925499,25.351821480384,9.0712337695044e-36,1.66366427332711e-32,71.1591702090766,"Upregulated"
"NOB1",1.26041859027071,8.57577008189087,24.4992525297122,7.02439956990393e-35,9.90980677784908e-32,69.1436982425364,"Upregulated"
"GALNT6",2.07419604936559,7.23844208524369,24.297531279222,1.14970283299706e-34,1.50611071122615e-31,68.6580661364581,"Upregulated"
"TEAD4",1.41002332147777,5.97289670447964,23.6567469421077,5.6215863083393e-34,6.06469958205546e-31,67.092484245232,"Upregulated"
"RNF43",1.71191204320011,8.58500610876143,23.3277908881234,1.28671060522513e-33,1.31101513887938e-30,66.2749318990506,"Upregulated"
"ANXA3",2.00388623276376,8.62733477694777,22.9907662324367,3.03449162900544e-33,2.92908297241893e-30,65.4273595580086,"Upregulated"
"UTP4",1.29319117263401,8.6286548332889,22.6421334821982,7.44804141382028e-33,6.50462283473638e-30,64.5397844219456,"Upregulated"
"IMPDH2",1.05933338253579,11.0155139617883,22.3832521741172,1.46094361485198e-32,1.16494373462545e-29,63.873471679425,"Upregulated"
"FOXQ1",4.82407329582235,7.50338565316936,21.9482600087946,4.5939531644501e-32,3.26653400287995e-29,62.7397390838829,"Upregulated"
"SLC29A1",1.34701613732534,6.17117688611304,21.5332833722378,1.39285409181008e-31,8.34915179549219e-29,61.6413165659568,"Upregulated"
"SLC12A2",1.62472277524014,10.3464731560025,21.5179190300571,1.45169556553917e-31,8.34915179549219e-29,61.6003270466219,"Upregulated"
"HILPDA",1.27622152734946,7.17079883240695,21.3491327421749,2.29047120841099e-31,1.16686783228493e-28,61.1485087879543,"Upregulated"
"CDK4",1.18304860140072,9.38558783573905,21.2479946789296,3.01412890553242e-31,1.49403038182337e-28,60.8764301158144,"Upregulated"
"PPA1",1.14002455874403,12.1659810621744,20.9046427442603,7.7116582160759e-31,3.214359356428e-28,59.9451506202219,"Upregulated"
"ENC1",1.82693121518369,8.52537253414216,20.8270441963993,9.55087482181082e-31,3.89251209404468e-28,59.7330362575621,"Upregulated"
"NFE2L3",2.20292096012996,5.75716645712553,20.6437920283879,1.58649722196788e-30,6.32529544584584e-28,59.2296905373351,"Upregulated"
"SORD",1.69296001135846,7.13420167009445,20.6346811831746,1.62717568195895e-30,6.34944723555896e-28,59.2045759603506,"Upregulated"
"TCN1",5.60614612842456,7.1823695474865,20.3374984301198,3.7329206128097e-30,1.3423875301751e-27,58.3806880124672,"Upregulated"
"MYC",1.581429244403,10.1973239111968,20.2485952493037,4.79375039852379e-30,1.61450923268745e-27,58.1324400849291,"Upregulated"
"IARS1",1.00032626577362,10.5255368413999,20.0995416741849,7.30427498096387e-30,2.27306805731251e-27,57.7143764210652,"Upregulated"
"ITGA6",1.3963384387709,10.1613948818115,19.9357271118993,1.16339476134523e-29,3.38568794494172e-27,57.2522119098374,"Upregulated"
"RPP40",1.67359768202715,6.85456345022051,19.6993996643311,2.28809644742657e-29,6.26323714116468e-27,56.5804422263371,"Upregulated"
"LOC105378604",2.31942796105859,6.03108953359635,19.6307611443782,2.78780115962162e-29,7.40989467644354e-27,56.3842131113597,"Upregulated"
"ANKRD22",1.80438350634115,8.42303515502991,19.3487322722633,6.30967766283705e-29,1.60721511578377e-26,55.5725763427024,"Upregulated"
"PPM1H",1.07714400527767,5.27183974436175,19.2684937972303,7.97261903334911e-29,1.954465747843e-26,55.3400781664468,"Upregulated"
"RAD54B",1.52570347614107,4.95969603030254,19.2676349919547,7.99263528289123e-29,1.954465747843e-26,55.3375858835302,"Upregulated"
"TRAP1",1.25823598883185,9.05085120331904,19.2536937761036,8.32477556401393e-29,2.00889978742126e-26,55.297116660703,"Upregulated"
"MRPL17",1.04819936613268,8.77854513590082,19.2202695759357,9.17916643688937e-29,2.15828092887886e-26,55.2000043250661,"Upregulated"
"S100A11",1.36627157184991,10.1549604160863,18.9602348993774,1.97098411184975e-28,4.46269735942277e-26,54.4402731004368,"Upregulated"
"SLC7A5",2.41768244739977,6.75934897079688,18.7635468462216,3.53038803094844e-28,7.80088150452945e-26,53.8606193741078,"Upregulated"
"BYSL",1.22649122774919,6.70909561920094,18.6180735905448,5.44788296459297e-28,1.14843877667397e-25,53.4291025807062,"Upregulated"
"IPO4",1.2016836028177,6.71686227833771,18.5607607993906,6.46743452184522e-28,1.34787214921183e-25,53.2584387333213,"Upregulated"
"GPSM2",1.45888594744091,7.36731438948813,18.5440552582442,6.79951864172043e-28,1.40115923470958e-25,53.2086234571946,"Upregulated"
"ABCC1",1.35678122097116,6.64643825407716,18.4160545192489,9.98954697633142e-28,1.9913944733252e-25,52.8258760852576,"Upregulated"
"CLDN2",3.21560902572348,5.9405330165109,18.3132163997833,1.36252232033642e-27,2.68695261881398e-25,52.5170137417423,"Upregulated"
"BACE2",2.08871849772251,8.28005900622293,18.0808910785596,2.75907003776463e-27,5.01003410817854e-25,51.8147718905341,"Upregulated"
"INTS13",1.17713851255451,8.18378912773702,18.0005224827785,3.52677276257224e-27,6.21932812168989e-25,51.570389646415,"Upregulated"
"SAPCD2",1.46208613496617,7.58754658175399,17.8961137145849,4.8568906124744e-27,8.24771979933153e-25,51.2517830746606,"Upregulated"
"CDC25B",1.68976411262762,7.77045787235711,17.7371069600138,7.92597419067217e-27,1.27510847944673e-24,50.764117109792,"Upregulated"
"QPCT",2.49870326370271,8.04294581533339,17.7263484097577,8.19387174564082e-27,1.30674441578307e-24,50.7310138176237,"Upregulated"
"DARS1",1.07651632553804,8.32917858826824,17.7072004786481,8.69355392635017e-27,1.37448085352812e-24,50.6720632520788,"Upregulated"
"PDCD2L",1.53469126798101,7.00656998279569,17.6769732606316,9.54592327937684e-27,1.47119523482161e-24,50.5789149565437,"Upregulated"
"RUVBL1",1.31629823792702,8.17632114145176,17.5229684208371,1.53987756870311e-26,2.30581162129488e-24,50.1026548764577,"Upregulated"
"TBX3",1.10588848302051,5.56150306686148,17.5216053064174,1.54642764132645e-26,2.30581162129488e-24,50.098426884399,"Upregulated"
"TRIP13",2.03309031585515,6.80593627960082,17.5109606006888,1.59855732078411e-26,2.36431784380488e-24,50.0654024462003,"Upregulated"
"SNHG16",1.03189816258881,10.0372832311045,17.4213756375853,2.11413145923371e-26,3.0772357906624e-24,49.7869370301287,"Upregulated"
"RCN1",1.10511727496994,8.94965564168835,17.3971990606519,2.28015852709409e-26,3.267039639602e-24,49.7116226948694,"Upregulated"
"CFAP263",1.79189054259157,4.82935068061424,17.3673150078921,2.50374454439377e-26,3.50524236215127e-24,49.6184320395718,"Upregulated"
"PAFAH1B3",1.063095977557,8.1916348319308,17.3411746463782,2.71745795754933e-26,3.7472314993575e-24,49.5368281502552,"Upregulated"
"PAICS",1.20681982760557,9.19779212978619,17.2927484258017,3.1634043528989e-26,4.26594381118866e-24,49.385436925814,"Upregulated"
"MMP7",4.2696170680546,7.09160064328791,17.2571131785997,3.53827872315621e-26,4.70232114367282e-24,49.2738534756244,"Upregulated"
"NME1",1.3878613639541,10.0395379126445,17.209365011299,4.11209583250929e-26,5.31097447663523e-24,49.1241020168211,"Upregulated"
"PHF19",1.18881339424034,6.74643395201121,17.1796647584134,4.51566556280649e-26,5.79142002950147e-24,49.0308153882984,"Upregulated"
"AHCY",1.15955569327234,9.38582000138236,17.1648172593573,4.7322134904722e-26,5.98543416656967e-24,48.9841404757255,"Upregulated"
"TRIM16",1.82236680026632,6.94377504053665,17.1492258085086,4.9709374987361e-26,6.24431463882329e-24,48.9350982440359,"Upregulated"
"EPB41L2",1.07187985598436,7.50778829137045,17.1010803754024,5.78786371168413e-26,7.17225814001939e-24,48.7834736527774,"Upregulated"
"ASCL2",2.59399192806312,8.10094451610234,16.8927567366472,1.12154300623397e-25,1.34438553819157e-23,48.1241629716207,"Upregulated"
"CCT6A",1.0250018422061,9.10439988535009,16.8627039183492,1.23437243046264e-25,1.4605413144958e-23,48.0286151385921,"Upregulated"
"ZNRF3",1.72145056728025,8.21145194257365,16.8509970093806,1.28137339636101e-25,1.49684000568541e-23,47.9913651955013,"Upregulated"
"AJUBA",1.6884540924632,4.66782044478868,16.801508011694,1.50093393646045e-25,1.7204455246678e-23,47.8337123969479,"Upregulated"
"KLK11",2.33251282665513,6.79373734742526,16.7981691185481,1.51705108293131e-25,1.72811905968697e-23,47.8230651977589,"Upregulated"
"RAN",1.00156333078036,10.1502349977075,16.782952718758,1.59274860302433e-25,1.79636921833716e-23,47.7745252529164,"Upregulated"
"CRIPTO",2.20110619035895,7.73145547241015,16.7637014617507,1.69402156539431e-25,1.89441192130071e-23,47.7130736155788,"Upregulated"
"NEBL",1.23850121888112,6.74656410978331,16.7330945254385,1.86862440564963e-25,2.07700433937056e-23,47.6152802552831,"Upregulated"
"UBE2S",1.63007501499131,8.03121856852692,16.7205957403863,1.94506271023409e-25,2.1489427774514e-23,47.5753119091091,"Upregulated"
"TACSTD2",1.32651101040222,5.20014936081838,16.6890605477562,2.15228730195311e-25,2.30174881689769e-23,47.4743841831648,"Upregulated"
"SP5",1.48108985160526,6.74520211522708,16.6657787541911,2.31949349791096e-25,2.43082918581068e-23,47.3997929531769,"Upregulated"
"NIT2",1.09069110245023,8.71670982238419,16.6144108351103,2.73642848244085e-25,2.81944372853737e-23,47.2349824983895,"Upregulated"
"CDH3",2.728221983383,6.33056974685516,16.5611909593868,3.2486933438085e-25,3.31005755141378e-23,47.063887568175,"Upregulated"
"C2CD4A",3.59240923569407,5.491485540564,16.5172587316881,3.7440307648709e-25,3.7318219688985e-23,46.922388049625,"Upregulated"
"MET",1.61967306150068,7.49280488342796,16.5097442347077,3.83611232340715e-25,3.80293513574525e-23,46.8981610477008,"Upregulated"
"RNASEH2A",1.39618992783985,7.92094540051597,16.4764879758171,4.27194395616951e-25,4.18970332385823e-23,46.7908579192809,"Upregulated"
"TMEM97",1.04880048457574,8.31697141173456,16.3714030999843,6.00732219995775e-25,5.76828738990707e-23,46.4508960560794,"Upregulated"
"FUT8",1.4702082271756,7.80464574986233,16.2901070003874,7.82743239165873e-25,7.28706142451884e-23,46.1869535326441,"Upregulated"
"WDR77",1.12395749983095,7.93825140078637,16.193942133006,1.07159537147333e-24,9.75573987476102e-23,45.8736747234613,"Upregulated"
"EXOSC5",1.03225079842073,7.87347982981769,16.0956475924615,1.47900761154562e-24,1.31674755319159e-22,45.5522648737118,"Upregulated"
"MTHFD1L",1.47066087582223,5.84250083861292,16.0154190692746,1.92562187270799e-24,1.68170976883165e-22,45.2890318629943,"Upregulated"
"CLDN1",2.01606633247696,5.29775648888354,15.996381456866,2.05028983696761e-24,1.78210026587611e-22,45.2264501539726,"Upregulated"
"DGAT2",1.23134326390877,6.50775946042421,15.9197553027895,2.64039512952709e-24,2.2523184500245e-22,44.9740989535105,"Upregulated"
"PPIL1",1.29403159664744,8.01281553591187,15.8969504239527,2.84723550696961e-24,2.38439722364487e-22,44.8988535140883,"Upregulated"
"CKS2",1.42166687039045,9.80683796561078,15.8657358037446,3.15719850774948e-24,2.62004618244912e-22,44.7957536534183,"Upregulated"
"ATIC",1.01127895230834,9.57051761329985,15.842662509331,3.40807287487497e-24,2.77795806778697e-22,44.7194651091726,"Upregulated"
"TKT",1.11508245589881,8.02606279156624,15.830111823848,3.55290637525835e-24,2.88319924434682e-22,44.6779398653321,"Upregulated"
"MIF",1.26661830566965,11.6742396652223,15.8236465001124,3.62992883717741e-24,2.93272664642439e-22,44.6565409143296,"Upregulated"
"TGFBI",2.22728377548902,10.5998479722552,15.7477498466823,4.67097512016423e-24,3.69248636654362e-22,44.4049431514717,"Upregulated"
"CADPS",1.17109076589343,4.77514430576306,15.6941965920208,5.58296395283349e-24,4.32031894071587e-22,44.2269755309726,"Upregulated"
"PSAT1",2.47813246863639,6.51521465236306,15.6817334531412,5.81986862236523e-24,4.44734960559076e-22,44.1855060685897,"Upregulated"
"HENMT1",1.33640676251528,7.58425323601929,15.6735666616505,5.98059473739717e-24,4.55120777941345e-22,44.1583214662716,"Upregulated"
"STAMBPL1",1.29566580637961,8.04843690211187,15.6390688064001,6.71059422635024e-24,5.06470362597792e-22,44.0433960003216,"Upregulated"
"CENPW",1.64918732770893,8.70690358190547,15.5696867806511,8.46348058325932e-24,6.33551975089698e-22,43.8118008622274,"Upregulated"
"DKC1",1.0174811090589,8.34644468826455,15.5003156520276,1.06802562256136e-23,7.93019834727749e-22,43.5796305651467,"Upregulated"
"ECT2",1.72239850014146,6.87679278223798,15.4857955057862,1.1214035864035e-23,8.25965533118079e-22,43.5309572609363,"Upregulated"
"TIMP1",1.48680640352727,10.3078576091221,15.408935282746,1.45233614993215e-23,1.05280019722354e-21,43.2728650487549,"Upregulated"
"POLR1C",1.00763445322752,7.45969020711289,15.4051153412729,1.47115038896729e-23,1.06224008400236e-21,43.2600182602825,"Upregulated"
"OSBPL3",1.47103107127624,6.13356728100053,15.3595311252704,1.71563193019209e-23,1.21956161239236e-21,43.1065709743466,"Upregulated"
"CCDC34",1.06514337122706,7.79708876562183,15.2501909174389,2.4833369226541e-23,1.7057827401302e-21,42.7374238556144,"Upregulated"
"NUDCD1",1.1673726526235,7.87843322692509,15.2402564365213,2.56838941375101e-23,1.75108780104808e-21,42.7038079444593,"Upregulated"
"STXBP6",1.34587390419858,7.02805661372992,15.227113371258,2.68545545063897e-23,1.81070782958525e-21,42.6593155348052,"Upregulated"
"CCDC86",1.07026325850707,6.98603205582439,15.1565491760402,3.41276303495297e-23,2.25956946068727e-21,42.4200605726102,"Upregulated"
"LIPG",2.04153702335667,6.20542615861746,15.1418216554792,3.58810234748796e-23,2.35020703760461e-21,42.3700449310052,"Upregulated"
"UBE2T",1.41260201559956,7.88719212079472,15.1397568310953,3.6134028070282e-23,2.35835613811022e-21,42.3630304261637,"Upregulated"
"SHMT2",1.16405393378203,7.51063227336719,15.0526367645913,4.86274859041476e-23,3.09662531764607e-21,42.0665724537524,"Upregulated"
"LRRC49",1.1401074501246,5.42080243065078,15.048878895461,4.92554189211332e-23,3.12575911077364e-21,42.0537629984464,"Upregulated"
"CMSS1",1.52302955764354,7.00114214832698,15.0180144944912,5.4733008636828e-23,3.42595009692637e-21,41.948486796158,"Upregulated"
"RBBP8",1.12313721323014,8.57367431370055,14.9950768993015,5.91993616211473e-23,3.69291255827157e-21,41.8701690223608,"Upregulated"
"PRMT3",1.6088110911446,6.58405681877638,14.991311586137,5.9966976888212e-23,3.71552147341152e-21,41.8573063299176,"Upregulated"
"CTPS1",1.87251718714649,6.19999803886147,14.9652451513099,6.55642917117712e-23,4.02156892974543e-21,41.7682107259312,"Upregulated"
"EFCAB11",1.43758003419682,6.92592854092485,14.9588622773989,6.70136128096753e-23,4.09676552976482e-21,41.7463806091527,"Upregulated"
"C19orf48P",1.11832834285209,7.65219958655478,14.8749751638112,8.93651423182344e-23,5.33862120559094e-21,41.4589901935339,"Upregulated"
"RRM2",1.95510887814478,9.61408418136616,14.8729042592691,9.00034224034872e-23,5.34423598311515e-21,41.4518839791122,"Upregulated"
"RPF2",1.03550056325484,8.77594639893533,14.8213676048394,1.07461950257673e-22,6.21719926727357e-21,41.2748602515201,"Upregulated"
"TNFRSF10B",1.20444471894773,6.85451018261042,14.8194857515716,1.08160571324101e-22,6.23793986818875e-21,41.2683897761544,"Upregulated"
"ANLN",2.28256898206755,6.71672278697554,14.8013351351467,1.15139062065821e-22,6.55986616854886e-21,41.2059581069612,"Upregulated"
"RPL22L1",1.97674880590084,8.86684429241292,14.7804720132632,1.23724810958956e-22,6.98188625534539e-21,41.1341438848306,"Upregulated"
"CDCA3",1.31909945159357,7.54322908273437,14.7172274014579,1.53917065989946e-22,8.52821447207131e-21,40.9161025080466,"Upregulated"
"NQO1",1.81758465515578,9.85264422682262,14.7113545003357,1.57073852686269e-22,8.67691101887404e-21,40.8958289600051,"Upregulated"
"SOX9",1.18415749524686,9.6056998359503,14.7100683211647,1.57773885253742e-22,8.68940857523612e-21,40.8913884106845,"Upregulated"
"KPNA2",1.51118472719246,9.75699786253888,14.6663244382101,1.83557371696477e-22,1.00191732050994e-20,40.7402348991672,"Upregulated"
"MAD2L1",1.39008300128667,7.05608932392587,14.6197982193467,2.15677946164776e-22,1.17027619309526e-20,40.5791958937923,"Upregulated"
"GATA2-AS1",1.20567648484165,5.48154337428564,14.5890358973111,2.39980883012616e-22,1.2906125233146e-20,40.4725660380029,"Upregulated"
"CEP55",2.38014223320185,7.10576869005098,14.5351997812064,2.89370856718175e-22,1.51198333681234e-20,40.2856621490265,"Upregulated"
"SERPINB5",3.78913132045759,7.61209432685449,14.530498875173,2.94143675709e-22,1.5238968961873e-20,40.2693241219953,"Upregulated"
"ABCE1",1.1013699285018,8.14449774467888,14.5178015608163,3.07436724687157e-22,1.58381728392204e-20,40.2251802368183,"Upregulated"
"FAIM",1.44272056501041,6.58484472401799,14.507172600853,3.19030224217046e-22,1.63436153970408e-20,40.1882112150301,"Upregulated"
"PLCB4",1.80182540101813,9.21515522592651,14.4767904727996,3.54665279945997e-22,1.80181751640155e-20,40.0824572513431,"Upregulated"
"TIPIN",1.6477195995747,5.77699703269591,14.4601413548455,3.75872641804748e-22,1.90428294218206e-20,40.024454399149,"Upregulated"
"DACH1",1.70072759836967,5.93338706418718,14.429491063678,4.18324734681628e-22,2.10193852987974e-20,39.9175798516312,"Upregulated"
"ID1",1.25710939536648,11.4585632956921,14.4248976832837,4.25091716141381e-22,2.12430029265203e-20,39.9015527043622,"Upregulated"
"MCM3",1.21377512054649,8.67379380200704,14.402469921267,4.59755507901386e-22,2.26664409002995e-20,39.8232588812522,"Upregulated"
"CDCA5",1.32874823383007,7.11881924271277,14.3252291224507,6.02543402730809e-22,2.89283926860813e-20,39.5531177440857,"Upregulated"
"XPOT",1.08587911806822,7.89980706326835,14.2459627565191,7.95928833182374e-22,3.7621996908672e-20,39.2750885787692,"Upregulated"
"BIRC5",1.20910983213407,6.64261326543643,14.2039256235929,9.22836833561906e-22,4.30657188995556e-20,39.1273115627737,"Upregulated"
"GMDS",1.13160532426721,8.04994789787532,14.1764549114917,1.01663469325997e-21,4.72027348718682e-20,39.0306174511397,"Upregulated"
"SPNS2",1.44389890343857,6.47249184112089,14.0932033523674,1.36403548076473e-21,6.15255343910534e-20,38.7369828158555,"Upregulated"
"PRC1",1.74175677201611,8.23076412016856,14.0797222796047,1.43065276692866e-21,6.41520091576323e-20,38.6893494874469,"Upregulated"
"ITGA2",1.18359025697716,7.58685829523981,14.068533006202,1.48843543601749e-21,6.60966244468782e-20,38.6497959868615,"Upregulated"
"DDX21",1.16916166695822,9.03467369302307,14.0624177676208,1.52100586447574e-21,6.72527379720097e-20,38.6281720747392,"Upregulated"
"PARPBP",1.4995916334421,4.71726457624335,14.0458403190021,1.61296770551696e-21,7.02656240360593e-20,38.5695286638026,"Upregulated"
"PHLDA1",1.89382866779689,6.33990762594969,14.0333840860274,1.6857470631825e-21,7.29165121197337e-20,38.5254407755083,"Upregulated"
"CCNO",1.14372490419533,4.91818098892108,13.9978472605645,1.9121470965799e-21,8.19363966151295e-20,38.3995503086098,"Upregulated"
"NOLC1",1.02029846033401,8.15163727426923,13.943807226294,2.31675905280299e-21,9.83550023805716e-20,38.2077977321748,"Upregulated"
"HJURP",1.33799078372055,6.51234879130042,13.8898063376039,2.80764577909326e-21,1.17831175259887e-19,38.0158058541082,"Upregulated"
"PBK",1.97824296568338,8.13463018541673,13.8635532578036,3.08302143974338e-21,1.28214542414725e-19,37.9223304981161,"Upregulated"
"TPX2",1.63069247954044,8.29278778945849,13.7750200133224,4.2295094234448e-21,1.71234443324454e-19,37.6064451321644,"Upregulated"
"RNF183",1.89463336658951,5.29961489365462,13.7554844823293,4.53573811101984e-21,1.82424203851105e-19,37.5366058748428,"Upregulated"
"CDK1",1.37003109424417,7.39972149552267,13.7212202299699,5.12796987688937e-21,2.04895354122333e-19,37.413992266647,"Upregulated"
"POLE2",1.52127386098075,6.4865961529971,13.5751918959809,8.66607166100396e-21,3.3061998362278e-19,36.8897303402343,"Upregulated"
"DONSON",1.47737330581845,6.25258221801192,13.5571176602249,9.2493139433532e-21,3.50480201903094e-19,36.8246495105453,"Upregulated"
"SLC11A2",1.05618376521214,6.76453129668187,13.548569432567,9.53881278289482e-21,3.60704796779982e-19,36.7938547598855,"Upregulated"
"CYP39A1",1.52043016069724,6.35254704249095,13.5478817274012,9.56249694516628e-21,3.60856366202366e-19,36.7913769108421,"Upregulated"
"ZNF593",1.14634159025306,7.42996043194291,13.4959484427904,1.15339385976206e-20,4.27769589459431e-19,36.6040811647092,"Upregulated"
"BMAL2",1.54017928439996,5.28076318084441,13.494288241263,1.16033261963949e-20,4.29042343632826e-19,36.5980879537729,"Upregulated"
"PCLAF",1.22709754745948,8.46521958325533,13.433429555954,1.44602503090849e-20,5.27238550037014e-19,36.378146769825,"Upregulated"
"DUSP14",1.17611726963098,5.44386413971164,13.4153415521213,1.54392801455925e-20,5.58493881400724e-19,36.3126852110982,"Upregulated"
"GSTP1",1.05085474924324,10.2021894348751,13.3721221136297,1.80585095880485e-20,6.43093331737493e-19,36.1561006504412,"Upregulated"
"S100A2",2.45053800769126,5.7848036857614,13.3163461524803,2.21137229583725e-20,7.79933998185675e-19,35.9536678762943,"Upregulated"
"UBE2C",1.33094274252132,8.71426874593319,13.3073410865771,2.28498030689164e-20,8.04348154095829e-19,35.9209474083489,"Upregulated"
"ALDH1B1",1.15117068020659,6.77983128440313,13.2934404548657,2.40349293872929e-20,8.44445603377301e-19,35.8704181057779,"Upregulated"
"MTHFD1",1.05331557506877,9.25426171284178,13.245272249129,2.8643257755784e-20,9.91164806115244e-19,35.6951326099545,"Upregulated"
"CAD",1.02297123525383,6.92908506226543,13.2175247502803,3.16930697856836e-20,1.08848483121617e-18,35.5940232485021,"Upregulated"
"SLC6A6",1.33977838011627,5.30931944328695,13.2109689078426,3.24603045706039e-20,1.10465481287812e-18,35.5701199076708,"Upregulated"
"KIF20A",1.7595121127176,6.65666783128631,13.2053791655388,3.31292715009281e-20,1.12516822097596e-18,35.5497347167258,"Upregulated"
"DLGAP5",2.01639152545793,6.99659749959767,13.1906622650186,3.4957894637786e-20,1.18071415774769e-18,35.4960445691628,"Upregulated"
"MELK",1.42875444467238,7.53960672017878,13.1775581941069,3.6671749221218e-20,1.22986414258221e-18,35.4482149387397,"Upregulated"
"PLEK2",1.14611425872865,9.36717640438816,13.1773565351112,3.66987762192411e-20,1.22986414258221e-18,35.4474787147174,"Upregulated"
"YEATS4",1.2423806259727,6.39905566922003,13.1576017826158,3.94462542607045e-20,1.30349589653477e-18,35.3753320489997,"Upregulated"
"PPAT",1.022749290235,6.30562136862064,13.1421797870935,4.17347799393948e-20,1.37171301807975e-18,35.3189743218519,"Upregulated"
"MIS18A",1.12972751760185,6.3142600112299,13.0789474810218,5.26087045481502e-20,1.70467074454607e-18,35.087581140705,"Upregulated"
"TNFSF15",1.99707843821938,7.01903936573025,13.0587051745691,5.66625319566444e-20,1.81359657257393e-18,35.0133979695527,"Upregulated"
"SLC35E4",1.37408043185721,5.52411204685302,13.0308042381915,6.27723987907316e-20,1.97808555639522e-18,34.9110618480386,"Upregulated"
"GLMN",1.27078536360511,6.84270342709284,13.0214216381075,6.49731296590698e-20,2.03693538110656e-18,34.8766256254918,"Upregulated"
"TK1",1.29719344643929,7.81768493112327,12.9686487121652,7.88852804004055e-20,2.44145362429791e-18,34.6827277831784,"Upregulated"
"GINS1",1.6584619037396,6.88907424555814,12.9637266976699,8.03272215846968e-20,2.48013677418071e-18,34.6646252336134,"Upregulated"
"TUBG1",1.11098278521703,7.87796161297078,12.9617390214897,8.09170409532525e-20,2.49414879173555e-18,34.6573139348402,"Upregulated"
"DNAAF11",1.10841272742237,5.18303087340515,12.9597536239381,8.15105483455238e-20,2.50822727626998e-18,34.6500105144717,"Upregulated"
"SPC25",1.69473359587406,5.44497824486715,12.9562564367942,8.25666920402556e-20,2.53222931775633e-18,34.637144650126,"Upregulated"
"RFC3",1.04613148928156,6.17044520194746,12.9512660591392,8.40977421015191e-20,2.57487911542881e-18,34.6187827595248,"Upregulated"
"MMP1",3.69417104168751,6.1929384806013,12.9474883088741,8.52757890517933e-20,2.60659661868315e-18,34.6048805698764,"Upregulated"
"CENPK",1.78282195665507,6.24717854658259,12.9452732359725,8.59742657866327e-20,2.62357410071022e-18,34.5967282150527,"Upregulated"
"CCNB1",1.78320778982768,7.63063992819408,12.9283396361009,9.15083134996936e-20,2.76484756109453e-18,34.5343851233313,"Upregulated"
"S100P",2.4780863384523,11.5060054908531,12.9167948621861,9.54860849307933e-20,2.85679412337806e-18,34.4918606969561,"Upregulated"
"MORC4",1.42033997356809,6.68454293095534,12.8798849558631,1.09413362018584e-19,3.24174646109988e-18,34.3557915827398,"Upregulated"
"UNC5CL",1.40538075437276,4.96316484375306,12.8780551951495,1.10154848634811e-19,3.25320438641294e-18,34.3490416225267,"Upregulated"
"CHEK1",1.15134523975893,5.6823402163847,12.8090171590782,1.42171167635469e-19,4.08686397246786e-18,34.0940504069538,"Upregulated"
"DDB2",1.19174366845346,6.89298387769122,12.7633454092298,1.68368021073856e-19,4.77998375618347e-18,33.9250298508088,"Upregulated"
"REG4",2.33517150640907,8.62742435451188,12.7608563423105,1.69928311317542e-19,4.81682415697637e-18,33.9158107955413,"Upregulated"
"KRT80",1.25105509106664,5.01238523937435,12.7546806005784,1.73862938595485e-19,4.91316840345332e-18,33.8929335729436,"Upregulated"
"NOC3L",1.1207700721393,7.86987703432381,12.7090883048232,2.05903089623519e-19,5.71295410543924e-18,33.7238935764776,"Upregulated"
"CYP4X1",3.16731732499641,5.25451898864505,12.7069624292588,2.07534705674775e-19,5.74952643818033e-18,33.7160051731756,"Upregulated"
"OIP5",1.67478109195168,6.4911409483119,12.6947177372593,2.17189841036943e-19,5.99888807924329e-18,33.6705581574583,"Upregulated"
"NANP",1.02412451422064,6.53313635198995,12.6860465126943,2.24300267818027e-19,6.16433352388287e-18,33.6383628579786,"Upregulated"
"PRIM1",1.18019749909921,7.20272094112769,12.6643387455602,2.43148413051323e-19,6.62606522341942e-18,33.5577226942889,"Upregulated"
"CDKN3",1.59141620146683,8.166402624698,12.640128818793,2.66061797807048e-19,7.19701087283371e-18,33.4677173851595,"Upregulated"
"VSNL1",1.60639914873453,5.8832950541631,12.6239223604335,2.82606326372716e-19,7.59970678251556e-18,33.4074253227026,"Upregulated"
"PIMREG",1.0682246085838,6.70177818237119,12.5488878617309,3.73825620737132e-19,9.89316289223522e-18,33.1278477046845,"Upregulated"
"ODC1",1.26604237950038,10.5390667250312,12.5428439904807,3.82356015656388e-19,1.0104336206251e-17,33.1052975419051,"Upregulated"
"GPT2",1.48506107567537,6.7052051114123,12.4999818951281,4.4876264804483e-19,1.1724083995929e-17,32.9452442921976,"Upregulated"
"DCAF13",1.10859607417504,8.16844937801121,12.4789237021168,4.85537301622545e-19,1.26308568961099e-17,32.8665257000982,"Upregulated"
"MND1",1.64594448523546,5.19191672754968,12.4519635227456,5.37094205517067e-19,1.38736728580042e-17,32.7656637109393,"Upregulated"
"RACGAP1",1.33145600339875,9.03082949769741,12.4402426144543,5.61198956821332e-19,1.44556023428416e-17,32.7217857654928,"Upregulated"
"CDC45",1.46945450981936,6.26383531929902,12.4261771329944,5.9157112411003e-19,1.51316797994114e-17,32.6691081415018,"Upregulated"
"TPD52L1",1.64185847271503,7.42501878049789,12.4109514947176,6.26321280402041e-19,1.58875965180822e-17,32.6120577348914,"Upregulated"
"PUS7",1.44259820734642,7.53173699734447,12.399248920938,6.54424680810049e-19,1.65318851874054e-17,32.5681886097911,"Upregulated"
"NCAPG2",1.47776983641663,6.94019758292868,12.3314748734145,8.44117954892691e-19,2.08079614149623e-17,32.3137909624141,"Upregulated"
"TLCD3A",1.43700015203727,7.46768854331322,12.328823039876,8.52576711497431e-19,2.09601298778323e-17,32.3038254086776,"Upregulated"
"DBF4",1.14873830330072,7.30407471570182,12.3024533129993,9.4148769956277e-19,2.29612824600814e-17,32.2046809251107,"Upregulated"
"NUP155",1.11410913258447,6.57503420949817,12.2664228322933,1.07829939037869e-18,2.5917101316858e-17,32.0690749764757,"Upregulated"
"CDCA2",1.23411097126276,5.90983176379917,12.2313562349679,1.23070675427069e-18,2.92751775270098e-17,31.9369427892427,"Upregulated"
"VRK1",1.13089455958214,7.84735767467328,12.2302957050042,1.23564022164073e-18,2.93164833957193e-17,31.9329443122472,"Upregulated"
"FANCG",1.0698068204353,6.89920692607016,12.229225119305,1.2406407005682e-18,2.93939378782525e-17,31.928907781921,"Upregulated"
"CENPA",1.30295710639646,6.53205118628992,12.1865419767658,1.45755734421831e-18,3.41836338784702e-17,31.7678605558589,"Upregulated"
"MTFR2",1.09848708745497,5.71557150390116,12.1708208529758,1.54676803115449e-18,3.60912540602715e-17,31.7084869436432,"Upregulated"
"SKA3",1.11467999619574,6.5066170803086,12.1396181645531,1.74048456270105e-18,4.04056795948574e-17,31.5905546394045,"Upregulated"
"BIK",1.10290750662553,9.19724448545365,12.1346519159609,1.77349986911995e-18,4.10681661611868e-17,31.5717734195035,"Upregulated"
"FANCI",1.32670415859965,6.13093866033798,12.1279049389222,1.8193677925887e-18,4.19713274416059e-17,31.5462530531798,"Upregulated"
"SAMD5",1.52529474925981,6.69526269794575,12.0893379973444,2.10550201111422e-18,4.79688284271239e-17,31.4002671743951,"Upregulated"
"IFITM3",1.15110464250778,11.4305565043283,12.0656114756789,2.30367096847772e-18,5.21596611875079e-17,31.310365920153,"Upregulated"
"CDC20",1.56148594365592,7.92464766124266,12.0616096614557,2.33890306164371e-18,5.28920864988233e-17,31.2951960370551,"Upregulated"
"ZC3HAV1L",1.51058735460652,7.62967310149281,12.0305725057851,2.63126938110879e-18,5.85649034581739e-17,31.1774757170051,"Upregulated"
"CRNDE",2.71560491483343,4.93433744258414,11.9816944587358,3.1682955188327e-18,6.93395463190832e-17,30.9918497808246,"Upregulated"
"SYTL1",1.56144179204542,7.05632415728631,11.9658409304389,3.36523068951351e-18,7.30394447877843e-17,30.9315800976749,"Upregulated"
"FOXM1",1.4350604543286,6.30397016797302,11.9645308796522,3.38204642752437e-18,7.32440679541907e-17,30.9265983737498,"Upregulated"
"CCNA2",1.68414949957768,7.38877148253688,11.9641741875679,3.3866395651665e-18,7.32440679541907e-17,30.925241946516,"Upregulated"
"BUB1B",1.50464391395822,7.67198221295031,11.9464944895039,3.62236352154681e-18,7.77007567077994e-17,30.8579903979695,"Upregulated"
"FEN1",1.34412629581275,7.62180132313588,11.9399519338686,3.71373144569109e-18,7.94747196195737e-17,30.8330936977663,"Upregulated"
"KCNN4",1.17206805427323,7.93374331469555,11.9378688284037,3.74330740169811e-18,8.0014286418582e-17,30.8251656728385,"Upregulated"
"MTERF2",1.00021300487632,6.93294634460387,11.9325697175857,3.81961934470949e-18,8.11920276378569e-17,30.8049955962251,"Upregulated"
"NCAPH",1.30380540784234,6.15469935932124,11.9325063800684,3.82054088612162e-18,8.11920276378569e-17,30.8047544933052,"Upregulated"
"FAM83D",1.62585143405581,7.25180271156202,11.9216506934702,3.98184653621753e-18,8.44243531493983e-17,30.763423694486,"Upregulated"
"KIF18A",1.50795412751903,5.43519561645674,11.9043480916335,4.25326812604938e-18,8.96608476226961e-17,30.6975182497796,"Upregulated"
"NUF2",1.74206658114872,5.41892871839683,11.894180746081,4.42138644984849e-18,9.29910865713548e-17,30.6587741269365,"Upregulated"
"EPHB3",1.37447994783532,8.23008737357141,11.8881368204932,4.5244828496955e-18,9.50504186293419e-17,30.6357369965604,"Upregulated"
"SLC39A10",1.466038172307,7.26924131912186,11.8709935072544,4.83029425051543e-18,1.00667723357333e-16,30.5703693829361,"Upregulated"
"NUDT1",1.04102712194743,6.55092871104563,11.8207294942145,5.85253816900514e-18,1.20331334102639e-16,30.3785092274974,"Upregulated"
"AADAT",1.16246912628795,5.62892779283682,11.8168178916883,5.94070221938525e-18,1.22007254987151e-16,30.3635657818986,"Upregulated"
"MCM7",1.08626732812302,8.38425110485541,11.7698096364151,7.11110364157677e-18,1.44107890371843e-16,30.1838380496971,"Upregulated"
"JADE3",1.09418476210019,6.36714841986559,11.7608137157501,7.36030592202778e-18,1.48665209922896e-16,30.1494137631506,"Upregulated"
"SPDL1",1.1492521274906,6.41632699568733,11.7591023789463,7.40870044917441e-18,1.49478070668711e-16,30.1428639788888,"Upregulated"
"HYAL1",2.09676503515347,6.69265139828929,11.752806255136,7.58952498050243e-18,1.52622684366683e-16,30.118763886717,"Upregulated"
"TSPAN5",1.01273169537586,5.74408221252393,11.6865652431292,9.78407767485261e-18,1.93153912332397e-16,29.8649241715928,"Upregulated"
"CD55",1.80531075197045,8.61357025948732,11.6577544125802,1.09286543055233e-17,2.14594775121304e-16,29.7543575929429,"Upregulated"
"BOK",1.15848598036191,6.21351314155592,11.643186337552,1.15578646914572e-17,2.26223306767689e-16,29.6984128959712,"Upregulated"
"REPS2",1.00637185943814,6.5247011277501,11.5975547198342,1.37751785192036e-17,2.66213671277338e-16,29.5230160829562,"Upregulated"
"NUSAP1",1.44011741751313,8.17192095667389,11.5676148429919,1.54583970068607e-17,2.95319792818569e-16,29.4078022179886,"Upregulated"
"PTTG1",1.15280250503516,9.72160692984536,11.5647259475776,1.56313993451505e-17,2.98004016621684e-16,29.3966797156029,"Upregulated"
"SFR1",1.01596000277571,6.62703136392731,11.5542452977612,1.62755836734332e-17,3.09641291048512e-16,29.3563201318704,"Upregulated"
"CBR3",1.478299281765,6.55588819825184,11.5409584629114,1.71308655039893e-17,3.2456619147021e-16,29.3051359389094,"Upregulated"
"NCAPG",1.55149371344576,6.52958519609302,11.5402455254832,1.71780177588009e-17,3.25123679769255e-16,29.3023889466602,"Upregulated"
"TRIM29",1.04951030247919,6.17283895224125,11.5361010453252,1.74547275528221e-17,3.29341258558393e-16,29.2864188379226,"Upregulated"
"NDC80",1.76268705013061,6.57419021230862,11.5315682490764,1.77625104246318e-17,3.34117375577177e-16,29.268950130556,"Upregulated"
"RFC2",1.01770192633205,7.39021034535136,11.5300564771596,1.78663734868624e-17,3.35409089360541e-16,29.2631234612882,"Upregulated"
"CXCL3",2.8340184922615,6.89869174814026,11.5208764015982,1.85103480855552e-17,3.46054825575008e-16,29.2277359345913,"Upregulated"
"TTK",1.77929963111366,6.74966651644143,11.5188182070663,1.8657910123007e-17,3.48458321441902e-16,29.2198006271426,"Upregulated"
"KNSTRN",1.18425519315902,7.25051429980621,11.5005165727238,2.00233161662281e-17,3.72441803740997e-16,29.1492176487536,"Upregulated"
"ATAD2",1.23179860478663,5.79472172431378,11.4862702005564,2.11555472500821e-17,3.91121710248494e-16,29.094247579848,"Upregulated"
"IFITM2",1.20006599457807,10.0252037759339,11.4674330726167,2.27523391651272e-17,4.18533500790805e-16,29.0215279708167,"Upregulated"
"LGR5",2.43572108564552,6.6061918424628,11.4647634694877,2.29882609636476e-17,4.22026732806104e-16,29.0112188181104,"Upregulated"
"SUV39H2",1.06709233882542,7.30790893935279,11.4566837210674,2.37174261193437e-17,4.33676565332765e-16,28.9800124162068,"Upregulated"
"EXO1",1.09758382089793,6.35976394409072,11.4397332579738,2.53237915421805e-17,4.61209867808927e-16,28.9145202658876,"Upregulated"
"CENPS",1.12602326101918,7.11128241872926,11.4331649324094,2.59753472759857e-17,4.72607012938073e-16,28.8891331034323,"Upregulated"
"DDIAS",1.18419508684844,5.55908308307174,11.4319221504365,2.61005147825307e-17,4.74413717652739e-16,28.8843290835656,"Upregulated"
"BUB1",1.13340010777388,5.47355217331512,11.4205342083568,2.72761417714234e-17,4.93337712118249e-16,28.8403003234245,"Upregulated"
"HMMR",1.46224896719442,7.38873233256431,11.3962020060048,2.99700463925645e-17,5.38345397492295e-16,28.7461759097575,"Upregulated"
"ME1",1.34111054074602,6.43902947420351,11.3732014522346,3.27627673100203e-17,5.82237550838927e-16,28.657140539012,"Upregulated"
"APIP",1.43781922750912,9.72795335026479,11.3703201028518,3.31306269391786e-17,5.88204935202842e-16,28.6459825563399,"Upregulated"
"NEK2",1.52644684520219,6.4697910326974,11.3537563922199,3.53275144630483e-17,6.22987130050293e-16,28.581821506445,"Upregulated"
"CDC6",1.70461377390316,5.54393465614269,11.3041091865281,4.28322975859357e-17,7.44591789313801e-16,28.3893220074927,"Upregulated"
"CXCL1",2.71665994770266,6.99876636788092,11.2933059060072,4.4667508699629e-17,7.74293109216631e-16,28.3473969972048,"Upregulated"
"ECM1",1.43803259992713,7.39558657948747,11.2586646413925,5.11040390402929e-17,8.7429857835725e-16,28.2128736758016,"Upregulated"
"FGGY",1.15777316697531,7.15016297292417,11.2580905441484,5.12182364377553e-17,8.74620536562786e-16,28.2106431328148,"Upregulated"
"SHCBP1",1.52453083865217,5.41258908093284,11.2411970042627,5.46962512806145e-17,9.31410629978152e-16,28.1449900284813,"Upregulated"
"KIF14",1.41263160647495,5.24207474161488,11.2287172885328,5.74175495157843e-17,9.70872664548117e-16,28.0964697741949,"Upregulated"
"NPM3",1.03027895595539,6.12827795457696,11.2279233560468,5.75952182214775e-17,9.72648528712613e-16,28.0933824313895,"Upregulated"
"DLGAP1-AS2",1.67563142408736,5.81979723119358,11.2203397850116,5.93204584835664e-17,9.93585852350362e-16,28.0638888638397,"Upregulated"
"MACC1",1.17812563331543,5.56113785275695,11.1627666853222,7.42350481320818e-17,1.22434422908487e-15,27.8397700981894,"Upregulated"
"TRIB3",1.09757346464765,5.90080693635436,11.1308321208172,8.40827713408842e-17,1.37685538070698e-15,27.715297744533,"Upregulated"
"MCM10",1.07649325363579,4.98792173290432,11.1222345891564,8.69520748387529e-17,1.41827626974625e-15,27.6817676460219,"Upregulated"
"ASF1B",1.10333953160321,7.16353731010754,11.1220965084127,8.69989532968663e-17,1.41827626974625e-15,27.6812290691078,"Upregulated"
"AP1S3",1.26086836796933,4.37412107751663,11.1066899881193,9.2392637968871e-17,1.49954069057442e-15,27.6211235471414,"Upregulated"
"CXCL8",2.72194236087348,5.91991565926561,11.0960361352204,9.6318297943371e-17,1.55911525532341e-15,27.5795443738025,"Upregulated"
"MSH2",1.04077174211455,7.20306423240216,11.0633600325225,1.09438304912286e-16,1.75292446470858e-15,27.4519406252098,"Upregulated"
"KLK10",3.08424718624315,6.17000517661793,11.0435352190687,1.18261326268665e-16,1.88110383674529e-15,27.3744657370393,"Upregulated"
"UHRF1",1.29863715526177,7.22017750776159,11.0429800948829,1.18518438804511e-16,1.88192914950194e-15,27.3722957092312,"Upregulated"
"KIF2C",1.26453697802885,6.91451611702797,11.0032795944909,1.38444878273995e-16,2.17759782808325e-15,27.2170163191608,"Upregulated"
"KIF4A",1.4554655823066,6.27231001371274,10.9962176787393,1.42327910816331e-16,2.23675568497987e-15,27.1893773776913,"Upregulated"
"ODAM",2.22145160481783,4.78913373892964,10.9837562282029,1.49449452668359e-16,2.33865440438371e-15,27.1405925942974,"Upregulated"
"ZWILCH",1.15683617642583,7.73261297634543,10.967009125543,1.59588888603872e-16,2.4824938227269e-15,27.0750037514263,"Upregulated"
"HOXB9",1.09711917148719,7.65025742211108,10.9467018793588,1.72818101368163e-16,2.66791580731658e-15,26.9954314355654,"Upregulated"
"SPAG5",1.06549268494501,7.5641555660388,10.9322401367084,1.82907652264863e-16,2.80713501467581e-15,26.93873732208,"Upregulated"
"MRAP2",1.30627121702665,7.47352426583794,10.9180988546187,1.93347261789892e-16,2.9525302091812e-15,26.8832778968325,"Upregulated"
"RAD51",1.0154679092767,6.91711119305229,10.9038322567131,2.04487781136733e-16,3.10970638975761e-15,26.8273054088771,"Upregulated"
"RAD51AP1",1.36113091948041,7.29702563021728,10.8944154742701,2.12193164485851e-16,3.2162170550996e-15,26.7903484597227,"Upregulated"
"SGO2",1.40812955655062,6.22817385432953,10.8576061003784,2.45224701598291e-16,3.68037727275995e-15,26.645796833033,"Upregulated"
"TOP2A",1.38701086235239,8.38186784915087,10.8379427970482,2.64944584285019e-16,3.95690853077138e-15,26.5685197773191,"Upregulated"
"NMU",2.19240206066663,6.17618583044302,10.7991723949043,3.08630825737547e-16,4.54586809662748e-15,26.4160326536573,"Upregulated"
"MSX1",1.19712273784007,4.58844718632642,10.795164578626,3.1354168507877e-16,4.60396677689723e-15,26.4002606243171,"Upregulated"
"DIAPH3",1.07911793142904,5.65146428236489,10.7772096614185,3.36526340177571e-16,4.92176481567516e-15,26.3295817845047,"Upregulated"
"GPCPD1",1.10365876751527,7.29653930658112,10.7336806303853,3.9954525643122e-16,5.75621367081585e-15,26.1580925962886,"Upregulated"
"ASRGL1",1.17558410247255,8.13288807752566,10.732482662077,4.01438318905178e-16,5.77441472056546e-15,26.1533702508616,"Upregulated"
"NUP62CL",1.086966623823,5.18270764226869,10.7196449024504,4.22300718046174e-16,6.04133788530954e-15,26.1027550162071,"Upregulated"
"IFITM1",1.34396052935361,10.8156542593457,10.7085122759697,4.41274101762354e-16,6.29802881425803e-15,26.0588488694277,"Upregulated"
"NFXL1",1.00621702752293,6.69783879174725,10.6730142662119,5.07699379443117e-16,7.15696127516278e-15,25.9187629566195,"Upregulated"
"MCM6",1.08296220836081,9.06291418440115,10.6337134746224,5.93055415616066e-16,8.25864565102403e-15,25.763520500236,"Upregulated"
"GCLM",1.11902047899126,6.51502002734662,10.631684873241,5.97834192522219e-16,8.31256943961903e-15,25.7555030565977,"Upregulated"
"PSMG1",1.20868637352698,8.58845011247237,10.6275548770308,6.07683357606338e-16,8.43672428349753e-15,25.7391791912033,"Upregulated"
"RFC4",1.20817162987941,7.84528448846603,10.6071971180084,6.58672263442056e-16,9.09642267434286e-15,25.6586897631242,"Upregulated"
"FIGNL1",1.28338838786671,6.34741776351417,10.5656208631813,7.76587740879467e-16,1.06208942339518e-14,25.4941786646174,"Upregulated"
"MMP3",3.64273570210347,5.84288314693628,10.5514529294621,8.21448549519336e-16,1.11855676568025e-14,25.4380788618734,"Upregulated"
"SRPX2",1.6326265740582,4.90252176371502,10.5382449574949,8.65616770797431e-16,1.17075306610803e-14,25.3857622152509,"Upregulated"
"IGFBP2",2.30084489240605,9.19489124371199,10.5330696117066,8.83568387649841e-16,1.19327277094979e-14,25.3652580128718,"Upregulated"
"MCM2",1.15609594537168,7.84829036010844,10.5018915560281,9.99929090499073e-16,1.34152886025991e-14,25.2416777861591,"Upregulated"
"CKAP2L",1.08570663281633,5.67486602475103,10.4995363536697,1.0093217965423e-15,1.35215206344674e-14,25.2323386052312,"Upregulated"
"EPHB2",1.00055849103305,7.65920316276298,10.457727567311,1.19165301693114e-15,1.57456169528221e-14,25.0664622476274,"Upregulated"
"CENPH",1.20045635937029,7.32814413717621,10.4557540744231,1.20103586668891e-15,1.58452518453604e-14,25.0586282064267,"Upregulated"
"FOXP4-AS1",1.24985502825806,5.19851474648593,10.4544794927544,1.20713526572219e-15,1.58929366642822e-14,25.0535683848886,"Upregulated"
"HAUS6",1.24552881296343,6.09432684282433,10.4424881931198,1.2660669872471e-15,1.66092049686064e-14,25.0059577328731,"Upregulated"
"CENPE",1.44004604946457,6.30496966062356,10.4015982078436,1.48967805670333e-15,1.9362647455662e-14,24.8435024261115,"Upregulated"
"PLK1",1.06452363451596,6.54566290911042,10.3721736075738,1.67481441267996e-15,2.16310537525003e-14,24.7264997387571,"Upregulated"
"CLIC3",1.89558596421038,5.96097174507131,10.3680497864307,1.70254898089892e-15,2.19737848766264e-14,24.7100953661643,"Upregulated"
"TRAF5",1.35602276236853,7.55529909760406,10.3332021439151,1.95615870252046e-15,2.49832525099062e-14,24.5714087022887,"Upregulated"
"NICOL1",1.2773884205211,7.71675142380625,10.2899776348584,2.32421482170024e-15,2.92360081138425e-14,24.3992250599561,"Upregulated"
"DUOXA2",2.30112574322362,7.2399017780622,10.2716603607816,2.50050981383123e-15,3.1239339227292e-14,24.3262061313704,"Upregulated"
"CEP76",1.18637232676994,6.47866972505382,10.2554960842102,2.66722930549052e-15,3.31191506179391e-14,24.2617439762559,"Upregulated"
"FHL2",1.07465336597175,10.254943094381,10.2450358310493,2.78103288614226e-15,3.44157511011127e-14,24.2200162762411,"Upregulated"
"DUOX2",3.25524962788371,8.42816924571829,10.2292007727248,2.96267756509169e-15,3.64423249790621e-14,24.1568284505176,"Upregulated"
"KIF11",1.46977585954986,7.00273160431878,10.1802063424512,3.60386805289998e-15,4.3598245442075e-14,23.9611773993189,"Upregulated"
"DEPDC1B",1.1280292609322,5.04544380307488,10.1601478949172,3.90508978779176e-15,4.68406453290391e-14,23.8810146799119,"Upregulated"
"NPDC1",1.20239107947406,8.88088067783388,10.1271640246891,4.45649458550688e-15,5.32456747219519e-14,23.7491176975578,"Upregulated"
"E2F5",1.00759743103391,6.44502706426428,10.1091654124965,4.78975522211227e-15,5.70416303724279e-14,23.6771034451024,"Upregulated"
"CHRM3",1.0658169482937,5.82634447218667,10.105968305063,4.85152264756435e-15,5.77397309255874e-14,23.6643085003317,"Upregulated"
"KLRK1-AS1",1.61346777133426,5.85807292039254,10.0834254127429,5.31039483184668e-15,6.27529904742707e-14,23.5740654441308,"Upregulated"
"PSRC1",1.12849647171859,5.99498630865387,10.0706196919801,5.59025316837382e-15,6.58056759357997e-14,23.5227821010554,"Upregulated"
"SLCO1B3",2.84288212177775,5.03301753827353,10.0684286842559,5.63960084873818e-15,6.63439894585364e-14,23.5140062904315,"Upregulated"
"SBSPON",2.79717505724756,5.47576800800663,10.0438881008897,6.22318581723249e-15,7.27426563977335e-14,23.4156834827288,"Upregulated"
"LCN2",2.88979721453327,10.5746296841697,9.97064319085638,8.35198137555629e-15,9.59745228243749e-14,23.1219167210773,"Upregulated"
"FZD6",1.08113169330786,7.10359327332025,9.96413829791937,8.57328866353412e-15,9.83327792928178e-14,23.0958051828306,"Upregulated"
"DDIT4",1.3817828144724,8.46052824035624,9.94437176491101,9.28262815886668e-15,1.05544575594306e-13,23.0164377560117,"Upregulated"
"APOBEC1",2.17082171677159,6.81125371338254,9.94256614176779,9.35029547498052e-15,1.06116595922737e-13,23.0091861085097,"Upregulated"
"FAM169A",1.84020444031345,5.69339056864573,9.92509447872943,1.0031233486018e-14,1.12866762045135e-13,22.9390032954445,"Upregulated"
"CCND1",1.03724954867344,7.20445731662763,9.91618695897131,1.03973653706491e-14,1.1662855100777e-13,22.9032124561276,"Upregulated"
"ZNF239",1.11327319269353,5.3715413966751,9.90337035410272,1.09478797576045e-14,1.22354731721187e-13,22.8517032042777,"Upregulated"
"KIF15",1.30914650841674,6.65096425878663,9.88998588392214,1.15540999570902e-14,1.2858142792053e-13,22.7978972813251,"Upregulated"
"POC1B",1.07617294934379,7.80773405441564,9.83712695675541,1.4296795152228e-14,1.5672121409541e-13,22.5852601123481,"Upregulated"
"DPEP1",2.25563264306086,6.61676461215343,9.82688138493839,1.48997963051958e-14,1.62752986442698e-13,22.5440188167301,"Upregulated"
"RHOBTB3",1.02512381107758,7.72248658061797,9.76534199110226,1.90996968141371e-14,2.05930887461067e-13,22.2961298356641,"Upregulated"
"KCTD14",1.01076555128655,7.34109110610397,9.76137869901854,1.94078195154729e-14,2.09130088080948e-13,22.280154939395,"Upregulated"
"FDXR",1.23252749018008,6.22864669147282,9.76030695913183,1.94919958619987e-14,2.09913801590756e-13,22.2758348520467,"Upregulated"
"PIR",1.59154463334207,6.08394139878042,9.75307837712127,2.00694063903307e-14,2.15499363699453e-13,22.2466947492494,"Upregulated"
"ITGB3BP",1.10379672452623,8.55994857179393,9.72973592034242,2.20540146524088e-14,2.3515734228208e-13,22.1525681777388,"Upregulated"
"TLR4",1.41620201114743,6.33092957007482,9.71788438174754,2.31359852502992e-14,2.45694249849732e-13,22.104761725065,"Upregulated"
"EZH2",1.38367087198907,6.57798983809879,9.71676298303588,2.3241084818652e-14,2.4638236738386e-13,22.1002376957912,"Upregulated"
"TIGD2",1.07840417470875,6.48145597235101,9.71636891481893,2.32781314445412e-14,2.46632542283585e-13,22.0986478939047,"Upregulated"
"LRP8",1.29798128514504,4.78100402456103,9.69108835488879,2.57831125800151e-14,2.70981251987093e-13,21.996632977269,"Upregulated"
"SRD5A3",1.0341520616653,5.9575711068325,9.64587260630256,3.09585232064057e-14,3.2005598399407e-13,21.814053063858,"Upregulated"
"ASNS",1.36870817582536,7.75996595656312,9.64229014557393,3.14107071302449e-14,3.24182537292455e-13,21.7995806623179,"Upregulated"
"CCL24",1.74653767406921,6.85356667570817,9.64082813935973,3.15971453684386e-14,3.25923310493343e-13,21.7936741858737,"Upregulated"
"IL33",2.63246429433972,5.26507286231705,9.63778916123309,3.19882481874995e-14,3.29401724738204e-13,21.7813962676429,"Upregulated"
"GGH",1.03515475938518,10.3941306310048,9.61663648817089,3.48486710060706e-14,3.56830458640275e-13,21.6959174978927,"Upregulated"
"AGT",1.2498988426071,6.6308871169195,9.55896229294384,4.40230446580901e-14,4.42401446043491e-13,21.462688395008,"Upregulated"
"PF4",1.61181746694724,7.01153885887866,9.55087127570137,4.54912003746362e-14,4.55657353834422e-13,21.42994997305,"Upregulated"
"CASP4LP",1.22445289728115,6.07963989741464,9.54326222869656,4.69167594102641e-14,4.68656518292072e-13,21.3991574952292,"Upregulated"
"PDZK1IP1",1.41851210101453,9.2998232165227,9.50712406410686,5.43248419681128e-14,5.40889034579364e-13,21.2528571043998,"Upregulated"
"MNS1",1.20281079663824,5.06993714902929,9.49116352460661,5.79605258972603e-14,5.7459245673284e-13,21.1882141160218,"Upregulated"
"CARD6",1.21354086490613,5.61421496810795,9.46255567036229,6.50998991705588e-14,6.39149973655272e-13,21.0723035266549,"Upregulated"
"ART3",1.93152695735271,4.72281466481359,9.37432636881901,9.31814921628181e-14,8.91935577383133e-13,20.7144790260276,"Upregulated"
"HES6",1.18897056952858,7.96935587491059,9.36996294182824,9.48502751327505e-14,9.06962484846008e-13,20.6967693922315,"Upregulated"
"SKA1",1.27012343664634,4.74925331285312,9.36390165529236,9.72183237668456e-14,9.27671205974999e-13,20.6721667062149,"Upregulated"
"DEFA6",4.04597347054557,7.73635024759651,9.33320323615219,1.10155325676759e-13,1.04190235838667e-12,20.5475262436815,"Upregulated"
"GRHL1",1.01737316899766,4.32211352480871,9.29637047080331,1.2798001490123e-13,1.19936304204832e-12,20.3979012652135,"Upregulated"
"SLC5A1",1.0841630610161,6.69341209013052,9.27338694294323,1.40542439732382e-13,1.30707319710542e-12,20.3044934016818,"Upregulated"
"GNA15",1.07976894632158,5.44197460583122,9.24182657782496,1.59835409353843e-13,1.47010100679512e-12,20.1761762254373,"Upregulated"
"DTL",1.20231834129826,7.16334240337704,9.23896400008623,1.61711723786692e-13,1.48661303972327e-12,20.1645347046827,"Upregulated"
"DRAM1",1.04521848486231,6.66137837275984,9.19450071089991,1.93864552355511e-13,1.7627545315816e-12,19.983649917518,"Upregulated"
"LOC730101",1.27776809567141,5.52854270697555,9.18355698864756,2.02717514587495e-13,1.83778508034338e-12,19.9391113317017,"Upregulated"
"SLC7A11",1.31602305079903,5.39781117378728,9.17307573479576,2.11576641948502e-13,1.91488679501057e-12,19.8964485038252,"Upregulated"
"FIRRM",1.26528511232635,5.21623455724688,9.15116127604527,2.31375579394361e-13,2.08522266638456e-12,19.807228047877,"Upregulated"
"ESCO2",1.07336703769928,5.56288401366716,9.12457076629549,2.57913710276052e-13,2.30851022277345e-12,19.6989341811408,"Upregulated"
"CXCL2",1.31686404398876,5.38540984238045,9.08015873013873,3.09227938872702e-13,2.73181136749776e-12,19.5179740390079,"Upregulated"
"DEPDC1",1.20898426069237,5.74139500591762,9.07472531143806,3.16171897616995e-13,2.79046804730302e-12,19.4958279813674,"Upregulated"
"EFCAB7",1.01476310709757,4.90594414299783,9.06928429637877,3.23282393151656e-13,2.84637498339e-12,19.4736494145205,"Upregulated"
"SLC28A3",1.1538549271545,4.79320100578564,9.06253126819656,3.32331078490685e-13,2.9204369810825e-12,19.4461207006989,"Upregulated"
"CXCL11",2.37781365039079,4.53468118243855,9.04948388196553,3.50540151301945e-13,3.07456067665121e-12,19.3929263657655,"Upregulated"
"PRTFDC1",1.09930892934988,6.92925214677683,9.0493482458347,3.50734612533874e-13,3.07479579056943e-12,19.3923733298446,"Upregulated"
"ALDH3A1",1.32003820500757,6.56466013505807,9.01093273378647,4.10406162954888e-13,3.56047730775433e-12,19.2357023600375,"Upregulated"
"LPCAT1",1.37134298733341,6.75909550431956,9.00487617709321,4.20702538043286e-13,3.63775791971422e-12,19.2109950174639,"Upregulated"
"TM4SF1",1.546012092994,8.36489076184555,8.99194834875603,4.43555775800033e-13,3.81021682818389e-12,19.1582507237907,"Upregulated"
"CDC7",1.2394811588406,5.42808467023553,8.96353635265974,4.98254664809392e-13,4.25047558744304e-12,19.0423040738608,"Upregulated"
"LACTB2",1.02053238404276,7.60472966400014,8.94325615213834,5.41391952576311e-13,4.58620249896053e-12,18.9595190488913,"Upregulated"
"MMP10",2.37879884201753,4.71774793919141,8.93917422585054,5.50517438177074e-13,4.65705249823226e-12,18.9428540521317,"Upregulated"
"AZGP1",1.46691490597267,6.03697531572021,8.93542624753852,5.59032189522808e-13,4.71169593559205e-12,18.9275517623636,"Upregulated"
"OLFM4",2.84476915317906,11.6704099316918,8.92774311112604,5.76902214865648e-13,4.84671856190379e-12,18.8961809406758,"Upregulated"
"STIL",1.18200430881881,6.56142993106188,8.91842326610043,5.99350010713669e-13,5.01463466993097e-12,18.8581236913226,"Upregulated"
"TMEM158",1.29753344296194,5.84113375787448,8.88434845361533,6.89144532074037e-13,5.69576868780435e-12,18.7189471953719,"Upregulated"
"KLK12",1.07985452218963,6.42613601743734,8.87287872288327,7.22311368446007e-13,5.95111882178786e-12,18.6720882591969,"Upregulated"
"APCDD1",1.34397628083943,5.66846045039919,8.8725900025353,7.23166600910762e-13,5.95548965455921e-12,18.6709086348889,"Upregulated"
"HELLS",1.04898369732156,5.16796626402339,8.85614054479867,7.73607612597628e-13,6.35946374497557e-12,18.6036951962179,"Upregulated"
"SERPINA1",1.18137365239664,9.84977710746236,8.8546163556701,7.78456427297423e-13,6.39359197341457e-12,18.5974666865978,"Upregulated"
"CHI3L1",1.28125108542408,5.12023057491112,8.82640698155574,8.73907870758997e-13,7.11067894841172e-12,18.4821731432191,"Upregulated"
"DUSP4",1.70765855219314,5.38539596612835,8.77590996547928,1.0750427995939e-12,8.66269110041832e-12,18.2757077565547,"Upregulated"
"MSX2",1.90766020630172,5.2124760574144,8.77090497483794,1.0973495133642e-12,8.83855514936293e-12,18.2552385649216,"Upregulated"
"ZNF367",1.38353634200162,6.50582494971899,8.67774002290369,1.6086473128818e-12,1.26403563488655e-11,17.8740479177134,"Upregulated"
"CASP1",1.13895889244738,9.28923068650069,8.60770458497402,2.14507239672491e-12,1.65744746980295e-11,17.5872984354991,"Upregulated"
"DMKN",1.27426546558326,5.52433200775168,8.55355392776176,2.67999103130245e-12,2.04200396817976e-11,17.3654846375097,"Upregulated"
"CCL20",2.11965168628427,9.62372456245021,8.52874368883781,2.96790619810488e-12,2.2473740575245e-11,17.2638288703753,"Upregulated"
"CENPU",1.04211497515489,7.04626745146472,8.49501357827311,3.4096905965486e-12,2.55971041918548e-11,17.1255999896018,"Upregulated"
"LINC00920",1.40680763558983,4.72448117854314,8.46279085183671,3.89315802145894e-12,2.90010227918590e-11,16.9935228510841,"Upregulated"
"IL17RD",1.24737302050068,4.89177248669366,8.43766254056923,4.31737996412057e-12,3.20051530080725e-11,16.8905086846006,"Upregulated"
"PRUNE2",1.21895166803454,6.04974493874826,8.43407632231151,4.38158788023296e-12,3.24156198965198e-11,16.8758057899347,"Upregulated"
"IFI6",1.74200149854815,7.45208154309953,8.4309178377021,4.43892944579622e-12,3.28265992080253e-11,16.8628563104651,"Upregulated"
"CCNE2",1.24164774714502,5.65720589069644,8.4290197112978,4.47375051876354e-12,3.30707716703439e-11,16.8550740780796,"Upregulated"
"E2F8",1.06237214949513,6.6740323212392,8.41175066322232,4.80339123630609e-12,3.53224519943278e-11,16.7842684210235,"Upregulated"
"FABP6",1.94790436466436,5.54014563560334,8.407048362585,4.89729316208777e-12,3.59553068825819e-11,16.7649872714573,"Upregulated"
"SERPINE2",1.67420683739147,8.63770352705028,8.38169245053608,5.43625128342545e-12,3.97214536008058e-11,16.6610115884083,"Upregulated"
"UCA1",1.79584519438241,6.96424169506931,8.37181388778575,5.66196596210535e-12,4.12392596286784e-11,16.620499924303,"Upregulated"
"NKD1",1.23554800029968,5.85163079294967,8.34922746838345,6.21394177113491e-12,4.49392560870962e-11,16.5278675190213,"Upregulated"
"IRX3",1.54648002649798,4.25880293934128,8.27562007600374,8.41522993910776e-12,5.9936045469218e-11,16.2259326876958,"Upregulated"
"OXGR1",1.35123169344483,4.33718086273942,8.22534043427527,1.03527809970458e-11,7.27192659846115e-11,16.0196497085669,"Upregulated"
"SLC38A5",1.20486153306886,6.07173857989466,8.20150413567213,1.14216034057538e-11,7.97685477766661e-11,15.921848082024,"Upregulated"
"BRIP1",1.00436417846857,5.38047990945562,8.15849805087397,1.36371778695498e-11,9.41663562227196e-11,15.7453819711392,"Upregulated"
"ADORA2B",1.16212039189986,8.1687522274892,8.05032981041238,2.13028643182177e-11,1.43059147417104e-10,15.3015107835416,"Upregulated"
"MKI67",1.00407016208422,7.01303775207563,7.97672034197528,2.88596238340003e-11,1.9032200687363e-10,14.9994625372141,"Upregulated"
"MMP12",1.84682545919792,9.82595772929046,7.88479583936444,4.21662382532258e-11,2.71533992122248e-10,14.6223172622393,"Upregulated"
"PTPN13",1.22220627145621,4.86283778428966,7.7929514826358,6.1587480413074e-11,3.85763111603749e-10,14.245612355877,"Upregulated"
"CBLIF",1.43750459306086,4.2678019683529,7.72549279919475,8.13432981180066e-11,4.99777583746814e-10,13.9690288643667,"Upregulated"
"KRT6B",1.21408181985062,5.55031183681532,7.69835555389471,9.09752476544111e-11,5.5523661962792e-10,13.8577950637043,"Upregulated"
"C4BPB",1.2963012525765,6.181242830681,7.68977917265564,9.42502023143365e-11,5.73316321872283e-10,13.822645003412,"Upregulated"
"S100A8",2.01378534584579,6.14545838878438,7.68085915428439,9.77814069741344e-11,5.93615029429204e-10,13.7860886622038,"Upregulated"
"FAM241A",1.10062417866522,6.91791001382066,7.67344402856595,1.00817271040519e-10,6.11235950705162e-10,13.7557013979565,"Upregulated"
"TIGAR",1.00847660650292,7.77206932059114,7.65412444603635,1.09176674814138e-10,6.56276701439297e-10,13.6765368962575,"Upregulated"
"SPINK4",2.07714291650067,10.7479720581889,7.64106405338848,1.15216643732428e-10,6.89870468838631e-10,13.6230264668594,"Upregulated"
"TMEM231",1.02510181512525,4.77317470177314,7.54710249796795,1.69714070488892e-10,9.95380893113619e-10,13.2382154845506,"Upregulated"
"ANO6",1.00853544391587,8.45334306202236,7.47115635607908,2.32063299329968e-10,1.33753642668498e-09,12.9274252134084,"Upregulated"
"LINC00668",1.56471915054872,7.45866883461808,7.45233221003104,2.50771075354953e-10,1.43678273102463e-09,12.8504297338212,"Upregulated"
"TNFRSF11B",1.22867858935208,5.74195998934524,7.41068153243216,2.9768827379106e-10,1.68869925820251e-09,12.6801255482564,"Upregulated"
"COPG2",1.03601014504889,5.56253774796019,7.35781925094006,3.70049227534034e-10,2.06848608136976e-09,12.4641002603672,"Upregulated"
"SDR16C5",1.32898643158524,7.83820191029121,7.35517193761143,3.74102621973896e-10,2.08923327862401e-09,12.4532856069934,"Upregulated"
"TNFRSF6B",1.25563483337949,5.92011143715864,7.31567215742364,4.40119387608645e-10,2.43346082868331e-09,12.2919682435042,"Upregulated"
"ALCAM",1.03232618486564,7.47589200978991,7.3054104124367,4.5909461105928e-10,2.52694932978007e-09,12.2500733447803,"Upregulated"
"CYTOR",1.03659371309979,7.22564222389653,7.22690587117508,6.33984566329123e-10,3.42089968217602e-09,11.9297737573972,"Upregulated"
"RUBCNL",1.1443126848359,7.99544407774448,7.19549878516547,7.2131374922579e-10,3.87036107688736e-09,11.8017399869003,"Upregulated"
"CIBAR1",1.09349124800646,6.03665322289315,7.1601634414869,8.3397714567222e-10,4.43594572263008e-09,11.657770701702,"Upregulated"
"CFI",1.46154530695049,5.57349337675753,7.04979581219977,1.31169697537697e-09,6.78795782404445e-09,11.2086680045632,"Upregulated"
"HSPA4L",1.25491751739446,4.66320102400733,6.81888334907166,3.37455379844821e-09,1.65523713997165e-08,10.2723193783731,"Upregulated"
"ANXA1",1.01824367578026,9.31896187734577,6.80388800896133,3.58761832026981e-09,1.75458453316662e-08,10.2116867533316,"Upregulated"
"L1TD1",2.59077893177534,6.73011846061029,6.76638847982275,4.18085452611278e-09,2.02907204498461e-08,10.0601614869866,"Upregulated"
"KLK6",1.20241651064508,4.73262886778501,6.76463260281761,4.21090698686873e-09,2.04144948821497e-08,10.0530700868539,"Upregulated"
"ZC3H12A",1.02123221071099,7.02050129600295,6.69407282247884,5.61405336357866e-09,2.67989949734598e-08,9.7683796057873,"Upregulated"
"RNA45SN5",1.07198507085342,6.72999364939548,6.66043023737322,6.43811757519273e-09,3.04788529501896e-08,9.63283689885701,"Upregulated"
"STYXL2",2.90486854905091,5.18847182479904,6.59333746807678,8.45748148535374e-09,3.95185249532198e-08,9.36292494773887,"Upregulated"
"SCD",1.1663235155564,7.51375790413407,6.56276970604261,9.5753898354526e-09,4.44363991857796e-08,9.24013453241378,"Upregulated"
"FAR2P2",1.19779823948164,5.88367501950547,6.37567425854736,2.04258174251405e-08,9.09246338779312e-08,8.49126962363895,"Upregulated"
"REN",1.01785943888944,4.71592960029066,6.28150109647283,2.98604688406712e-08,1.30266650460968e-07,8.11623652147213,"Upregulated"
"SLC6A14",1.89023206163285,5.37231528282226,6.18406436360047,4.41760984578804e-08,1.88644001728971e-07,7.72967934807676,"Upregulated"
"NETO2",1.68037954378973,7.04193088615794,6.06167447412783,7.21094867485884e-08,2.99340875275942e-07,7.2464114725597,"Upregulated"
"DEFA5",3.48210233597261,7.36708991482792,5.99770198898806,9.30729030226628e-08,3.80592428413742e-07,6.99488959635881,"Upregulated"
"CA9",1.01377750408873,6.34339105952275,5.86610509232014,1.56992898870745e-07,6.24295265674212e-07,6.47998395753883,"Upregulated"
"TMEM71",1.26982724473468,5.35593318162037,5.85375778983268,1.64860495743335e-07,6.53456125336668e-07,6.43185213450246,"Upregulated"
"MSLN",1.49691139334198,5.67224592364199,5.80106480126426,2.03053126271655e-07,7.94706431033324e-07,6.22680762170991,"Upregulated"
"LCN15",2.25897345095688,7.25315173106831,5.75658426664197,2.42004792045323e-07,9.3577227200321e-07,6.05418628172848,"Upregulated"
"CST1",1.01404424413761,4.29825950023172,5.46135810368019,7.67840091586646e-07,2.78799985739439e-06,4.92014102086898,"Upregulated"
"CTHRC1",1.09304754912723,5.53530865538709,5.46092685514805,7.6912563295936e-07,2.79211482748905e-06,4.91850029626953,"Upregulated"
"EPDR1",1.23022505573024,7.21147012085332,5.40554724899956,9.53097794038669e-07,3.41335941079266e-06,4.70821195791346,"Upregulated"
"SERPINA3",1.29139207235813,6.20719105124319,5.40198094267175,9.66328544197888e-07,3.45871692048971e-06,4.69469799547457,"Upregulated"
"AXDND1",1.50863625025289,5.62848189125696,5.3737078473063,1.07781735187056e-06,3.83307547669305e-06,4.5876835720059,"Upregulated"
"APOLD1",1.09622607429521,5.64731216182777,5.37236373080622,1.08342161785102e-06,3.85151239995886e-06,4.5826014845006,"Upregulated"
"CSGALNACT1",1.05375549908073,5.18804838900135,5.31533829228734,1.34952078441159e-06,4.75325738162254e-06,4.36744986158179,"Upregulated"
"LPL",1.19402257014002,4.67549996550131,5.25519402070467,1.69980801478975e-06,5.89867152152205e-06,4.1415268890916,"Upregulated"
"IL13RA2",1.11058300882292,4.27658225163318,5.21837809940636,1.95681825297913e-06,6.72690660911664e-06,4.00375105516065,"Upregulated"
"DMBT1",1.85532156425186,8.99107217829335,5.08839519830195,3.20779421148234e-06,1.06713125047317e-05,3.52058240857446,"Upregulated"
"HS6ST2",1.1792277643672,4.18654165781332,4.96564622117849,5.09388641367294e-06,1.64881533404098e-05,3.06919972361787,"Upregulated"
"PCSK1",1.87616806269175,6.6344312900264,4.53104102217244,2.52287620705665e-05,7.38658199831081e-05,1.51356923113176,"Upregulated"
"REG3A",1.27884565994879,4.9342184833667,4.4883412498895,2.94218297505477e-05,8.54332421825593e-05,1.36463456077951,"Upregulated"
"UBD",1.26764525366565,7.76717576161576,4.34370512335001,4.92816311983417e-05,0.000138644748608312,0.8658062958463,"Upregulated"
"REG1B",2.44715568641254,5.44653868541549,4.24437491451367,6.99064609983824e-05,0.000192507724520773,0.528485156300039,"Upregulated"
"REG1A",2.48042140662405,6.6652108296737,4.02419773637412,0.00014957952828186,0.000393924260294273,-0.203040073505647,"Upregulated"
"CPS1",1.0111389389002,4.85189635036457,3.72714354414535,0.00040363168608829,0.000998867240974124,-1.15186206437782,"Upregulated"
